Num,Well,Primer_ID,Well_BC,Sample_ID,Date,Plate_Num,Plate_BC,Plate_index,Sample_BC,Replicate
1,A1,TurboSSS_DS8-A1,CTTGATCGCG,CD4_CTRL_D47_T2,240824,Tcell,SI-TT-D8,CGCTGAAA,CGCTGAAACTTGATCGCG,1
2,A2,TurboSSS_DS21-A2,ACAGTAGCTC,CD4_CTRL_D47_T2,240824,Tcell,SI-TT-D8,CGCTGAAA,CGCTGAAAACAGTAGCTC,2
3,A3,TurboSSS_DS24-A3,GTTCTGTCGT,CD4_CTRL_D47_T2,240824,Tcell,SI-TT-D8,CGCTGAAA,CGCTGAAAGTTCTGTCGT,3
4,A4,TurboSSS_DS25-A4,CGTCAATAGT,CD4_CTRL_D47_T5,240824,Tcell,SI-TT-D8,CGCTGAAA,CGCTGAAACGTCAATAGT,1
5,A5,TurboSSS_DS27-A5,CCGTATGTAG,CD4_CTRL_D47_T5,240824,Tcell,SI-TT-D8,CGCTGAAA,CGCTGAAACCGTATGTAG,2
6,A6,TurboSSS_DS28-A6,GGAAAGATAC,CD4_CTRL_D47_T5,240824,Tcell,SI-TT-D8,CGCTGAAA,CGCTGAAAGGAAAGATAC,3
7,A7,TurboSSS_DS33-A7,GAACTACGAA,CD4_CTRL_D47_T6,240824,Tcell,SI-TT-D8,CGCTGAAA,CGCTGAAAGAACTACGAA,1
8,A8,TurboSSS_DS36-A8,GGAAACTCCA,CD4_CTRL_D47_T6,240824,Tcell,SI-TT-D8,CGCTGAAA,CGCTGAAAGGAAACTCCA,2
9,A9,TurboSSS_DS37-A9,GGATAGTGAG,CD4_CTRL_D47_T6,240824,Tcell,SI-TT-D8,CGCTGAAA,CGCTGAAAGGATAGTGAG,3
10,A10,TurboSSS_DS40-A10,AGACGCATCG,CD4_CTRL_D47_T8,240824,Tcell,SI-TT-D8,CGCTGAAA,CGCTGAAAAGACGCATCG,1
11,A11,TurboSSS_DS41-A11,TGATTTCGTG,CD4_CTRL_D47_T8,240824,Tcell,SI-TT-D8,CGCTGAAA,CGCTGAAATGATTTCGTG,2
12,A12,TurboSSS_DS44-A12,TTAAGTGACG,CD4_CTRL_D47_T8,240824,Tcell,SI-TT-D8,CGCTGAAA,CGCTGAAATTAAGTGACG,3
13,B1,TurboSSS_DS51-B1,GACGATAGAG,CD4_CTRL_D64_T2,240824,Tcell,SI-TT-D8,CGCTGAAA,CGCTGAAAGACGATAGAG,1
14,B2,TurboSSS_DS54-B2,TTTGTTGTGA,CD4_CTRL_D64_T2,240824,Tcell,SI-TT-D8,CGCTGAAA,CGCTGAAATTTGTTGTGA,2
15,B3,TurboSSS_DS58-B3,AGTGACAGCG,CD4_CTRL_D64_T2,240824,Tcell,SI-TT-D8,CGCTGAAA,CGCTGAAAAGTGACAGCG,3
16,B4,TurboSSS_DS59-B4,GGACGAATTA,CD4_CTRL_D64_T5,240824,Tcell,SI-TT-D8,CGCTGAAA,CGCTGAAAGGACGAATTA,1
17,B5,TurboSSS_DS65-B5,GAGCATATTC,CD4_CTRL_D64_T5,240824,Tcell,SI-TT-D8,CGCTGAAA,CGCTGAAAGAGCATATTC,2
18,B6,TurboSSS_DS69-B6,GGAGTGACTT,CD4_CTRL_D64_T5,240824,Tcell,SI-TT-D8,CGCTGAAA,CGCTGAAAGGAGTGACTT,3
19,B7,TurboSSS_DS70-B7,GACCAGCTAT,CD4_CTRL_D64_T6,240824,Tcell,SI-TT-D8,CGCTGAAA,CGCTGAAAGACCAGCTAT,1
20,B8,TurboSSS_DS74-B8,TTCATGCGAT,CD4_CTRL_D64_T6,240824,Tcell,SI-TT-D8,CGCTGAAA,CGCTGAAATTCATGCGAT,2
21,B9,TurboSSS_DS75-B9,CACACTAGCG,CD4_CTRL_D64_T6,240824,Tcell,SI-TT-D8,CGCTGAAA,CGCTGAAACACACTAGCG,3
22,B10,TurboSSS_DS76-B10,ACACCCGTCA,CD4_CTRL_D64_T8,240824,Tcell,SI-TT-D8,CGCTGAAA,CGCTGAAAACACCCGTCA,1
23,B11,TurboSSS_DS81-B11,TGTGTGTGTC,CD4_CTRL_D64_T8,240824,Tcell,SI-TT-D8,CGCTGAAA,CGCTGAAATGTGTGTGTC,2
24,B12,TurboSSS_DS82-B12,GGGATCATTG,CD4_CTRL_D64_T8,240824,Tcell,SI-TT-D8,CGCTGAAA,CGCTGAAAGGGATCATTG,3
25,C1,TurboSSS_DS83-C1,ATCAAGAACG,CD8_CTRL_D47_T2,240824,Tcell,SI-TT-D8,CGCTGAAA,CGCTGAAAATCAAGAACG,1
26,C2,TurboSSS_DS84-C2,TGAGCTTAGT,CD8_CTRL_D47_T2,240824,Tcell,SI-TT-D8,CGCTGAAA,CGCTGAAATGAGCTTAGT,2
27,C3,TurboSSS_DS85-C3,CCAAGACGTG,CD8_CTRL_D47_T2,240824,Tcell,SI-TT-D8,CGCTGAAA,CGCTGAAACCAAGACGTG,3
28,C4,TurboSSS_DS87-C4,GAGCCTTTGA,CD8_CTRL_D47_T5,240824,Tcell,SI-TT-D8,CGCTGAAA,CGCTGAAAGAGCCTTTGA,1
29,C5,TurboSSS_DS88-C5,ATCGCGTTGT,CD8_CTRL_D47_T5,240824,Tcell,SI-TT-D8,CGCTGAAA,CGCTGAAAATCGCGTTGT,2
30,C6,TurboSSS_DS94-C6,GATGACACGA,CD8_CTRL_D47_T5,240824,Tcell,SI-TT-D8,CGCTGAAA,CGCTGAAAGATGACACGA,3
31,C7,TurboSSS_DS97-C7,AACGAGCCTG,CD8_CTRL_D47_T6,240824,Tcell,SI-TT-D8,CGCTGAAA,CGCTGAAAAACGAGCCTG,1
32,C8,TurboSSS_DS98-C8,CTACATGTCG,CD8_CTRL_D47_T6,240824,Tcell,SI-TT-D8,CGCTGAAA,CGCTGAAACTACATGTCG,2
33,C9,TurboSSS_DS107-C9,GAAGTTCCGT,CD8_CTRL_D47_T6,240824,Tcell,SI-TT-D8,CGCTGAAA,CGCTGAAAGAAGTTCCGT,3
34,C10,TurboSSS_DS108-C10,TAGAGATCCG,CD8_CTRL_D47_T8,240824,Tcell,SI-TT-D8,CGCTGAAA,CGCTGAAATAGAGATCCG,1
35,C11,TurboSSS_DS109-C11,AGTTCCGTGA,CD8_CTRL_D47_T8,240824,Tcell,SI-TT-D8,CGCTGAAA,CGCTGAAAAGTTCCGTGA,2
36,C12,TurboSSS_DS131-C12,CTCGTCTCTC,CD8_CTRL_D47_T8,240824,Tcell,SI-TT-D8,CGCTGAAA,CGCTGAAACTCGTCTCTC,3
37,D1,TurboSSS_DS137-D1,TAGCTCGTTG,CD8_CTRL_D64_T2,240824,Tcell,SI-TT-D8,CGCTGAAA,CGCTGAAATAGCTCGTTG,1
38,D2,TurboSSS_DS138-D2,AGCACGTTTA,CD8_CTRL_D64_T2,240824,Tcell,SI-TT-D8,CGCTGAAA,CGCTGAAAAGCACGTTTA,2
39,D3,TurboSSS_DS139-D3,TTTCGACGTA,CD8_CTRL_D64_T2,240824,Tcell,SI-TT-D8,CGCTGAAA,CGCTGAAATTTCGACGTA,3
40,D4,TurboSSS_DS140-D4,TGCACAGAGA,CD8_CTRL_D64_T5,240824,Tcell,SI-TT-D8,CGCTGAAA,CGCTGAAATGCACAGAGA,1
41,D5,TurboSSS_DS143-D5,AAAGTGTGTG,CD8_CTRL_D64_T5,240824,Tcell,SI-TT-D8,CGCTGAAA,CGCTGAAAAAAGTGTGTG,2
42,D6,TurboSSS_DS146-D6,AGAGTGCAAA,CD8_CTRL_D64_T5,240824,Tcell,SI-TT-D8,CGCTGAAA,CGCTGAAAAGAGTGCAAA,3
43,D7,TurboSSS_DS150-D7,ACCGACGTAA,CD8_CTRL_D64_T6,240824,Tcell,SI-TT-D8,CGCTGAAA,CGCTGAAAACCGACGTAA,1
44,D8,TurboSSS_DS152-D8,TAACCAGATC,CD8_CTRL_D64_T6,240824,Tcell,SI-TT-D8,CGCTGAAA,CGCTGAAATAACCAGATC,2
45,D9,TurboSSS_DS154-D9,ATGCAGTAGA,CD8_CTRL_D64_T6,240824,Tcell,SI-TT-D8,CGCTGAAA,CGCTGAAAATGCAGTAGA,3
46,D10,TurboSSS_DS160-D10,CGTTGAACTG,CD8_CTRL_D64_T8,240824,Tcell,SI-TT-D8,CGCTGAAA,CGCTGAAACGTTGAACTG,1
47,D11,TurboSSS_DS163-D11,TACCCGAGCA,CD8_CTRL_D64_T8,240824,Tcell,SI-TT-D8,CGCTGAAA,CGCTGAAATACCCGAGCA,2
48,D12,TurboSSS_DS185-D12,GAGAAGAACC,CD8_CTRL_D64_T8,240824,Tcell,SI-TT-D8,CGCTGAAA,CGCTGAAAGAGAAGAACC,3
49,E1,TurboSSS_DS187-E1,CTTAGTGTCC,CD4_CTRL_D47_T0,240824,Tcell,SI-TT-D8,CGCTGAAA,CGCTGAAACTTAGTGTCC,1
50,E2,TurboSSS_DS189-E2,GTTCGTACTC,CD4_CTRL_D47_T0,240824,Tcell,SI-TT-D8,CGCTGAAA,CGCTGAAAGTTCGTACTC,2
51,E3,TurboSSS_DS192-E3,TGCTTTGCGA,CD4_CTRL_D47_T0,240824,Tcell,SI-TT-D8,CGCTGAAA,CGCTGAAATGCTTTGCGA,3
52,E4,TurboSSS_DS194-E4,CGTCACTCTA,CD4_CTRL_D47_T1,240824,Tcell,SI-TT-D8,CGCTGAAA,CGCTGAAACGTCACTCTA,1
53,E5,TurboSSS_DS196-E5,TTCTAGCAAG,CD4_CTRL_D47_T1,240824,Tcell,SI-TT-D8,CGCTGAAA,CGCTGAAATTCTAGCAAG,2
54,E6,TurboSSS_DS197-E6,GGCCAATCAA,CD4_CTRL_D47_T1,240824,Tcell,SI-TT-D8,CGCTGAAA,CGCTGAAAGGCCAATCAA,3
55,E7,TurboSSS_DS207-E7,GTTTGCGTTC,CD4_CTRL_D47_T13,240824,Tcell,SI-TT-D8,CGCTGAAA,CGCTGAAAGTTTGCGTTC,1
56,E8,TurboSSS_DS216-E8,CTAGCCTCGA,CD4_CTRL_D47_T13,240824,Tcell,SI-TT-D8,CGCTGAAA,CGCTGAAACTAGCCTCGA,2
57,E9,TurboSSS_DS217-E9,GAAAGCAGTG,CD4_CTRL_D47_T13,240824,Tcell,SI-TT-D8,CGCTGAAA,CGCTGAAAGAAAGCAGTG,3
58,E10,TurboSSS_DS224-E10,GGACCGTTAA,CD4_CTRL_D47_T15,240824,Tcell,SI-TT-D8,CGCTGAAA,CGCTGAAAGGACCGTTAA,1
59,E11,TurboSSS_DS227-E11,ACAAAGAGAG,CD4_CTRL_D47_T15,240824,Tcell,SI-TT-D8,CGCTGAAA,CGCTGAAAACAAAGAGAG,2
60,E12,TurboSSS_DS236-E12,ATCAGCGCGA,CD4_CTRL_D47_T15,240824,Tcell,SI-TT-D8,CGCTGAAA,CGCTGAAAATCAGCGCGA,3
61,F1,TurboSSS_DS239-F1,ATGTTGCACA,CD4_CTRL_D64_T0,240824,Tcell,SI-TT-D8,CGCTGAAA,CGCTGAAAATGTTGCACA,1
62,F2,TurboSSS_DS243-F2,CTGAAACGAG,CD4_CTRL_D64_T0,240824,Tcell,SI-TT-D8,CGCTGAAA,CGCTGAAACTGAAACGAG,2
63,F3,TurboSSS_DS246-F3,AAAGACTTCG,CD4_CTRL_D64_T0,240824,Tcell,SI-TT-D8,CGCTGAAA,CGCTGAAAAAAGACTTCG,3
64,F4,TurboSSS_DS247-F4,ACGTTTGATG,CD4_CTRL_D64_T1,240824,Tcell,SI-TT-D8,CGCTGAAA,CGCTGAAAACGTTTGATG,1
65,F5,TurboSSS_DS250-F5,TGTAGTTGCG,CD4_CTRL_D64_T1,240824,Tcell,SI-TT-D8,CGCTGAAA,CGCTGAAATGTAGTTGCG,2
66,F6,TurboSSS_DS261-F6,GAATCCTACA,CD4_CTRL_D64_T1,240824,Tcell,SI-TT-D8,CGCTGAAA,CGCTGAAAGAATCCTACA,3
67,F7,TurboSSS_DS262-F7,ATGTCGCGTG,CD4_CTRL_D64_T13,240824,Tcell,SI-TT-D8,CGCTGAAA,CGCTGAAAATGTCGCGTG,1
68,F8,TurboSSS_DS264-F8,ACATCCATGT,CD4_CTRL_D64_T13,240824,Tcell,SI-TT-D8,CGCTGAAA,CGCTGAAAACATCCATGT,2
69,F9,TurboSSS_DS270-F9,TTGTCAGTGT,CD4_CTRL_D64_T13,240824,Tcell,SI-TT-D8,CGCTGAAA,CGCTGAAATTGTCAGTGT,3
70,F10,TurboSSS_DS271-F10,GTTAAACGTC,CD4_CTRL_D64_T15,240824,Tcell,SI-TT-D8,CGCTGAAA,CGCTGAAAGTTAAACGTC,1
71,F11,TurboSSS_DS272-F11,GCTTCGCTTT,CD4_CTRL_D64_T15,240824,Tcell,SI-TT-D8,CGCTGAAA,CGCTGAAAGCTTCGCTTT,2
72,F12,TurboSSS_DS273-F12,GATTGTAACC,CD4_CTRL_D64_T15,240824,Tcell,SI-TT-D8,CGCTGAAA,CGCTGAAAGATTGTAACC,3
73,G1,TurboSSS_DS276-G1,CAATTGTTCG,CD8_CTRL_D47_T0,240824,Tcell,SI-TT-D8,CGCTGAAA,CGCTGAAACAATTGTTCG,1
74,G2,TurboSSS_DS279-G2,AACGTCAGCC,CD8_CTRL_D47_T0,240824,Tcell,SI-TT-D8,CGCTGAAA,CGCTGAAAAACGTCAGCC,2
75,G3,TurboSSS_DS280-G3,CATGTACTTG,CD8_CTRL_D47_T0,240824,Tcell,SI-TT-D8,CGCTGAAA,CGCTGAAACATGTACTTG,3
76,G4,TurboSSS_DS288-G4,CCTCTGAGCA,CD8_CTRL_D47_T1,240824,Tcell,SI-TT-D8,CGCTGAAA,CGCTGAAACCTCTGAGCA,1
77,G5,TurboSSS_DS290-G5,GCCAACAGAA,CD8_CTRL_D47_T1,240824,Tcell,SI-TT-D8,CGCTGAAA,CGCTGAAAGCCAACAGAA,2
78,G6,TurboSSS_DS291-G6,TGACCACAAG,CD8_CTRL_D47_T1,240824,Tcell,SI-TT-D8,CGCTGAAA,CGCTGAAATGACCACAAG,3
79,G7,TurboSSS_DS292-G7,AAGATTTGCC,CD8_CTRL_D47_T13,240824,Tcell,SI-TT-D8,CGCTGAAA,CGCTGAAAAAGATTTGCC,1
80,G8,TurboSSS_DS293-G8,CTTTCGTGAC,CD8_CTRL_D47_T13,240824,Tcell,SI-TT-D8,CGCTGAAA,CGCTGAAACTTTCGTGAC,2
81,G9,TurboSSS_DS302-G9,CGCCGATATC,CD8_CTRL_D47_T13,240824,Tcell,SI-TT-D8,CGCTGAAA,CGCTGAAACGCCGATATC,3
82,G10,TurboSSS_DS304-G10,TTCCGAGCCT,CD8_CTRL_D47_T15,240824,Tcell,SI-TT-D8,CGCTGAAA,CGCTGAAATTCCGAGCCT,1
83,G11,TurboSSS_DS311-G11,CCGTCATACC,CD8_CTRL_D47_T15,240824,Tcell,SI-TT-D8,CGCTGAAA,CGCTGAAACCGTCATACC,2
84,G12,TurboSSS_DS313-G12,GAGCCTCCAT,CD8_CTRL_D47_T15,240824,Tcell,SI-TT-D8,CGCTGAAA,CGCTGAAAGAGCCTCCAT,3
85,H1,TurboSSS_DS314-H1,TAATGCGAAA,CD8_CTRL_D64_T0,240824,Tcell,SI-TT-D8,CGCTGAAA,CGCTGAAATAATGCGAAA,1
86,H2,TurboSSS_DS322-H2,CGTAAGTGTT,CD8_CTRL_D64_T0,240824,Tcell,SI-TT-D8,CGCTGAAA,CGCTGAAACGTAAGTGTT,2
87,H3,TurboSSS_DS332-H3,GCACATCAAG,CD8_CTRL_D64_T0,240824,Tcell,SI-TT-D8,CGCTGAAA,CGCTGAAAGCACATCAAG,3
88,H4,TurboSSS_DS333-H4,GTCAGTTCTT,CD8_CTRL_D64_T1,240824,Tcell,SI-TT-D8,CGCTGAAA,CGCTGAAAGTCAGTTCTT,1
89,H5,TurboSSS_DS346-H5,CAATCACTGA,CD8_CTRL_D64_T1,240824,Tcell,SI-TT-D8,CGCTGAAA,CGCTGAAACAATCACTGA,2
90,H6,TurboSSS_DS348-H6,ATAGAACCGC,CD8_CTRL_D64_T1,240824,Tcell,SI-TT-D8,CGCTGAAA,CGCTGAAAATAGAACCGC,3
91,H7,TurboSSS_DS349-H7,TTATGAGCTG,CD8_CTRL_D64_T13,240824,Tcell,SI-TT-D8,CGCTGAAA,CGCTGAAATTATGAGCTG,1
92,H8,TurboSSS_DS357-H8,ACGCCTATCG,CD8_CTRL_D64_T13,240824,Tcell,SI-TT-D8,CGCTGAAA,CGCTGAAAACGCCTATCG,2
93,H9,TurboSSS_DS365-H9,GTCACCTGAC,CD8_CTRL_D64_T13,240824,Tcell,SI-TT-D8,CGCTGAAA,CGCTGAAAGTCACCTGAC,3
94,H10,TurboSSS_DS377-H10,GCTACCTAGC,CD8_CTRL_D64_T15,240824,Tcell,SI-TT-D8,CGCTGAAA,CGCTGAAAGCTACCTAGC,1
95,H11,TurboSSS_DS378-H11,TTCGAGTTCG,CD8_CTRL_D64_T15,240824,Tcell,SI-TT-D8,CGCTGAAA,CGCTGAAATTCGAGTTCG,2
96,H12,TurboSSS_DS380-H12,CTGTCTTGTA,CD8_CTRL_D64_T15,240824,Tcell,SI-TT-D8,CGCTGAAA,CGCTGAAACTGTCTTGTA,3