Num,Well,Primer_ID,Well_BC,Sample_ID,Date,Plate_Num,Plate_BC,Plate_index,Sample_BC,Replicate,Species,Subset,Receptor,Donor,Timepoint,Cell_line,Intergenic,Exon,Ambiguity,Unmapped,Reads,Mapped,Exon_Map,sum,detected,subsets_Mito_sum,subsets_Mito_detected,subsets_Mito_percent,total
63,F3,TurboSSS_DS246-F3,AAAGACTTCG,CD4_CTRL_D64_T0,240824,Tcell,SI-TT-D8,CGCTGAAA,CGCTGAAAAAAGACTTCG,3,Human,CD4,CTRL,Donor_64,Day_0,CAR,37901,123383,6756,1768,169808,98.95882408367098,72.6602986902855,60949,7319,963,55,1.5800095161528491,60949
41,D5,TurboSSS_DS143-D5,AAAGTGTGTG,CD8_CTRL_D64_T5,240824,Tcell,SI-TT-D8,CGCTGAAA,CGCTGAAAAAAGTGTGTG,2,Human,CD8,CTRL,Donor_64,Day_5,CAR,26179,102387,5336,1521,135423,98.87685252874327,75.60532553554418,54159,6981,1688,52,3.1167488321423957,54159
31,C7,TurboSSS_DS97-C7,AACGAGCCTG,CD8_CTRL_D47_T6,240824,Tcell,SI-TT-D8,CGCTGAAA,CGCTGAAAAACGAGCCTG,1,Human,CD8,CTRL,Donor_47,Day_6,CAR,164855,751843,47640,8892,973230,99.08634135815788,77.25234528323213,392110,11141,6692,77,1.7066639463415876,392110
74,G2,TurboSSS_DS279-G2,AACGTCAGCC,CD8_CTRL_D47_T0,240824,Tcell,SI-TT-D8,CGCTGAAA,CGCTGAAAAACGTCAGCC,2,Human,CD8,CTRL,Donor_47,Day_0,CAR,47399,124284,6807,2273,180763,98.74255240287006,68.75522092463613,71263,8236,1643,60,2.305544251575151,71263
79,G7,TurboSSS_DS292-G7,AAGATTTGCC,CD8_CTRL_D47_T13,240824,Tcell,SI-TT-D8,CGCTGAAA,CGCTGAAAAAGATTTGCC,1,Human,CD8,CTRL,Donor_47,Day_13,CAR,98594,329834,19940,5027,453395,98.89125376327485,72.74760418619526,175136,10137,3635,71,2.0755298739265484,175136
59,E11,TurboSSS_DS227-E11,ACAAAGAGAG,CD4_CTRL_D47_T15,240824,Tcell,SI-TT-D8,CGCTGAAA,CGCTGAAAACAAAGAGAG,2,Human,CD4,CTRL,Donor_47,Day_15,CAR,82659,333875,19236,4427,440197,98.99431390945418,75.84672317167086,180425,10301,3142,76,1.741443813218789,180425
22,B10,TurboSSS_DS76-B10,ACACCCGTCA,CD4_CTRL_D64_T8,240824,Tcell,SI-TT-D8,CGCTGAAA,CGCTGAAAACACCCGTCA,1,Human,CD4,CTRL,Donor_64,Day_8,CAR,39174,132110,7549,2441,181274,98.65341968511756,72.87862572680032,89164,8790,1986,62,2.22735633215199,89164
2,A2,TurboSSS_DS21-A2,ACAGTAGCTC,CD4_CTRL_D47_T2,240824,Tcell,SI-TT-D8,CGCTGAAA,CGCTGAAAACAGTAGCTC,2,Human,CD4,CTRL,Donor_47,Day_2,CAR,1179013,5468078,339396,59171,7045658,99.16017780028494,77.60918852433655,2500453,14472,39895,89,1.5955108934261113,2500453
68,F8,TurboSSS_DS264-F8,ACATCCATGT,CD4_CTRL_D64_T13,240824,Tcell,SI-TT-D8,CGCTGAAA,CGCTGAAAACATCCATGT,2,Human,CD4,CTRL,Donor_64,Day_13,CAR,77212,312135,18938,4281,412566,98.96234784252701,75.65698579136429,161760,9959,2380,67,1.4713155291790305,161760
43,D7,TurboSSS_DS150-D7,ACCGACGTAA,CD8_CTRL_D64_T6,240824,Tcell,SI-TT-D8,CGCTGAAA,CGCTGAAAACCGACGTAA,1,Human,CD8,CTRL,Donor_64,Day_6,CAR,143148,684094,41849,7777,876868,99.11309341884981,78.01561922661108,356313,10890,5989,75,1.6808255662858218,356313
64,F4,TurboSSS_DS247-F4,ACGTTTGATG,CD4_CTRL_D64_T1,240824,Tcell,SI-TT-D8,CGCTGAAA,CGCTGAAAACGTTTGATG,1,Human,CD4,CTRL,Donor_64,Day_1,CAR,93391,526605,35681,5060,660737,99.23418848952004,79.69963843405166,273032,9823,3406,69,1.247472823698321,273032
10,A10,TurboSSS_DS40-A10,AGACGCATCG,CD4_CTRL_D47_T8,240824,Tcell,SI-TT-D8,CGCTGAAA,CGCTGAAAAGACGCATCG,1,Human,CD4,CTRL,Donor_47,Day_8,CAR,157569,547922,31738,7393,744622,99.00714725055128,73.58391237433221,278084,11136,5275,77,1.8969088476863107,278084
42,D6,TurboSSS_DS146-D6,AGAGTGCAAA,CD8_CTRL_D64_T5,240824,Tcell,SI-TT-D8,CGCTGAAA,CGCTGAAAAGAGTGCAAA,3,Human,CD8,CTRL,Donor_64,Day_5,CAR,48651,164110,9290,3538,225589,98.43166111822828,72.74734140405782,84157,8409,2989,63,3.551695046163718,84157
38,D2,TurboSSS_DS138-D2,AGCACGTTTA,CD8_CTRL_D64_T2,240824,Tcell,SI-TT-D8,CGCTGAAA,CGCTGAAAAGCACGTTTA,2,Human,CD8,CTRL,Donor_64,Day_2,CAR,267648,1332345,89580,13780,1703353,99.19100738367209,78.21895989850607,692483,11901,12754,81,1.8417780653099065,692483
15,B3,TurboSSS_DS58-B3,AGTGACAGCG,CD4_CTRL_D64_T2,240824,Tcell,SI-TT-D8,CGCTGAAA,CGCTGAAAAGTGACAGCG,3,Human,CD4,CTRL,Donor_64,Day_2,CAR,499663,2051650,128644,25227,2705184,99.0674571489407,75.84142150774217,1013888,12945,21031,84,2.074292229516475,1013888
35,C11,TurboSSS_DS109-C11,AGTTCCGTGA,CD8_CTRL_D47_T8,240824,Tcell,SI-TT-D8,CGCTGAAA,CGCTGAAAAGTTCCGTGA,2,Human,CD8,CTRL,Donor_47,Day_8,CAR,80838,299082,18276,4402,402598,98.9066016224621,74.28799944361373,153543,9923,3064,69,1.9955321961925974,153543
25,C1,TurboSSS_DS83-C1,ATCAAGAACG,CD8_CTRL_D47_T2,240824,Tcell,SI-TT-D8,CGCTGAAA,CGCTGAAAATCAAGAACG,1,Human,CD8,CTRL,Donor_47,Day_2,CAR,235881,1028791,68973,12599,1346244,99.0641369617989,76.41935637224752,525810,11572,10175,82,1.9351096403643901,525810
60,E12,TurboSSS_DS236-E12,ATCAGCGCGA,CD4_CTRL_D47_T15,240824,Tcell,SI-TT-D8,CGCTGAAA,CGCTGAAAATCAGCGCGA,3,Human,CD4,CTRL,Donor_47,Day_15,CAR,117678,315223,17836,5868,456605,98.7148629559466,69.03625672079806,162202,10763,2335,72,1.4395630140195559,162202
29,C5,TurboSSS_DS88-C5,ATCGCGTTGT,CD8_CTRL_D47_T5,240824,Tcell,SI-TT-D8,CGCTGAAA,CGCTGAAAATCGCGTTGT,2,Human,CD8,CTRL,Donor_47,Day_5,CAR,41857,161141,9753,2552,215303,98.81469371072396,74.84382474930679,82407,8062,2408,61,2.9220818619777447,82407
45,D9,TurboSSS_DS154-D9,ATGCAGTAGA,CD8_CTRL_D64_T6,240824,Tcell,SI-TT-D8,CGCTGAAA,CGCTGAAAATGCAGTAGA,3,Human,CD8,CTRL,Donor_64,Day_6,CAR,136746,621592,39544,7647,805529,99.05068594675052,77.16568863442534,326319,10854,5891,75,1.8052886899015994,326319
67,F7,TurboSSS_DS262-F7,ATGTCGCGTG,CD4_CTRL_D64_T13,240824,Tcell,SI-TT-D8,CGCTGAAA,CGCTGAAAATGTCGCGTG,1,Human,CD4,CTRL,Donor_64,Day_13,CAR,56970,226297,13363,2972,299602,99.00801730295525,75.53253983618266,121965,9361,1893,64,1.5520846144385683,121965
61,F1,TurboSSS_DS239-F1,ATGTTGCACA,CD4_CTRL_D64_T0,240824,Tcell,SI-TT-D8,CGCTGAAA,CGCTGAAAATGTTGCACA,1,Human,CD4,CTRL,Donor_64,Day_0,CAR,17081,56798,3001,833,77713,98.92810726648051,73.08687092249689,29994,5409,466,37,1.5536440621457626,29994
73,G1,TurboSSS_DS276-G1,CAATTGTTCG,CD8_CTRL_D47_T0,240824,Tcell,SI-TT-D8,CGCTGAAA,CGCTGAAACAATTGTTCG,1,Human,CD8,CTRL,Donor_47,Day_0,CAR,94475,245833,13681,3987,357976,98.88623818356538,68.67303953337654,116815,9639,2990,69,2.559602790737491,116815
21,B9,TurboSSS_DS75-B9,CACACTAGCG,CD4_CTRL_D64_T6,240824,Tcell,SI-TT-D8,CGCTGAAA,CGCTGAAACACACTAGCG,3,Human,CD4,CTRL,Donor_64,Day_6,CAR,117141,389365,22016,6581,535103,98.77014331820229,72.76449580734923,202381,10555,4656,71,2.3006112233855944,202381
75,G3,TurboSSS_DS280-G3,CATGTACTTG,CD8_CTRL_D47_T0,240824,Tcell,SI-TT-D8,CGCTGAAA,CGCTGAAACATGTACTTG,3,Human,CD8,CTRL,Donor_47,Day_0,CAR,87986,217543,11878,3361,320768,98.95220221468476,67.81942088986432,105933,9301,2503,62,2.3628142316369782,105933
27,C3,TurboSSS_DS85-C3,CCAAGACGTG,CD8_CTRL_D47_T2,240824,Tcell,SI-TT-D8,CGCTGAAA,CGCTGAAACCAAGACGTG,3,Human,CD8,CTRL,Donor_47,Day_2,CAR,450544,2204404,144830,23399,2823177,99.17118196981627,78.08238732463462,1126104,12730,19122,82,1.6980669636197012,1126104
5,A5,TurboSSS_DS27-A5,CCGTATGTAG,CD4_CTRL_D47_T5,240824,Tcell,SI-TT-D8,CGCTGAAA,CGCTGAAACCGTATGTAG,2,Human,CD4,CTRL,Donor_47,Day_5,CAR,56068,183629,9851,2844,252392,98.87318140036135,72.75547560936955,94016,8568,2949,64,3.136700136147039,94016
83,G11,TurboSSS_DS311-G11,CCGTCATACC,CD8_CTRL_D47_T15,240824,Tcell,SI-TT-D8,CGCTGAAA,CGCTGAAACCGTCATACC,2,Human,CD8,CTRL,Donor_47,Day_15,CAR,85201,252438,14224,3786,355649,98.93546727250744,70.97953319143313,142310,9837,2799,69,1.9668329702761576,142310
76,G4,TurboSSS_DS288-G4,CCTCTGAGCA,CD8_CTRL_D47_T1,240824,Tcell,SI-TT-D8,CGCTGAAA,CGCTGAAACCTCTGAGCA,1,Human,CD8,CTRL,Donor_47,Day_1,CAR,177687,825473,57812,8617,1069589,99.19436344240638,77.17665383619315,407839,10964,6112,76,1.4986305870698977,407839
81,G9,TurboSSS_DS302-G9,CGCCGATATC,CD8_CTRL_D47_T13,240824,Tcell,SI-TT-D8,CGCTGAAA,CGCTGAAACGCCGATATC,3,Human,CD8,CTRL,Donor_47,Day_13,CAR,136152,461993,25918,5891,629954,99.06485235429888,73.3375770294339,236004,10684,4292,73,1.8186132438433245,236004
4,A4,TurboSSS_DS25-A4,CGTCAATAGT,CD4_CTRL_D47_T5,240824,Tcell,SI-TT-D8,CGCTGAAA,CGCTGAAACGTCAATAGT,1,Human,CD4,CTRL,Donor_47,Day_5,CAR,84525,257801,14036,4691,361053,98.70074476600388,71.40253646971497,129353,9390,4009,67,3.0992709871437074,129353
52,E4,TurboSSS_DS194-E4,CGTCACTCTA,CD4_CTRL_D47_T1,240824,Tcell,SI-TT-D8,CGCTGAAA,CGCTGAAACGTCACTCTA,1,Human,CD4,CTRL,Donor_47,Day_1,CAR,132429,711027,48395,6787,898638,99.24474593774134,79.1227390784721,364358,10385,4551,70,1.2490462676817855,364358
46,D10,TurboSSS_DS160-D10,CGTTGAACTG,CD8_CTRL_D64_T8,240824,Tcell,SI-TT-D8,CGCTGAAA,CGCTGAAACGTTGAACTG,1,Human,CD8,CTRL,Donor_64,Day_8,CAR,83672,302645,17586,4322,408225,98.9412701328924,74.13681180721416,157250,9822,3320,71,2.111287758346582,157250
32,C8,TurboSSS_DS98-C8,CTACATGTCG,CD8_CTRL_D47_T6,240824,Tcell,SI-TT-D8,CGCTGAAA,CGCTGAAACTACATGTCG,2,Human,CD8,CTRL,Donor_47,Day_6,CAR,159556,763490,48057,9043,980146,99.07738234916023,77.89553801168397,386040,10988,5955,78,1.5425862604911407,386040
56,E8,TurboSSS_DS216-E8,CTAGCCTCGA,CD4_CTRL_D47_T13,240824,Tcell,SI-TT-D8,CGCTGAAA,CGCTGAAACTAGCCTCGA,2,Human,CD4,CTRL,Donor_47,Day_13,CAR,88209,352319,20425,4234,465187,99.08982839159306,75.73706917863139,210656,10419,3809,76,1.808161172717606,210656
36,C12,TurboSSS_DS131-C12,CTCGTCTCTC,CD8_CTRL_D47_T8,240824,Tcell,SI-TT-D8,CGCTGAAA,CGCTGAAACTCGTCTCTC,3,Human,CD8,CTRL,Donor_47,Day_8,CAR,31798,97570,5336,1599,136303,98.82687835190715,71.58316398024989,69771,8320,1401,58,2.007997592122802,69771
62,F2,TurboSSS_DS243-F2,CTGAAACGAG,CD4_CTRL_D64_T0,240824,Tcell,SI-TT-D8,CGCTGAAA,CGCTGAAACTGAAACGAG,2,Human,CD4,CTRL,Donor_64,Day_0,CAR,43530,138779,8102,1823,192234,99.05167660247407,72.19274425960029,69027,7578,1062,52,1.5385284019296797,69027
96,H12,TurboSSS_DS380-H12,CTGTCTTGTA,CD8_CTRL_D64_T15,240824,Tcell,SI-TT-D8,CGCTGAAA,CGCTGAAACTGTCTTGTA,3,Human,CD8,CTRL,Donor_64,Day_15,CAR,71789,246702,14108,3442,336041,98.97572022461544,73.414255998524,122110,9295,2190,66,1.7934649086888872,122110
49,E1,TurboSSS_DS187-E1,CTTAGTGTCC,CD4_CTRL_D47_T0,240824,Tcell,SI-TT-D8,CGCTGAAA,CGCTGAAACTTAGTGTCC,1,Human,CD4,CTRL,Donor_47,Day_0,CAR,48184,159456,8896,2259,218795,98.96752668022579,72.87917914029114,84234,8121,1484,53,1.76175890970392,84234
1,A1,TurboSSS_DS8-A1,CTTGATCGCG,CD4_CTRL_D47_T2,240824,Tcell,SI-TT-D8,CGCTGAAA,CGCTGAAACTTGATCGCG,1,Human,CD4,CTRL,Donor_47,Day_2,CAR,643293,3013068,212905,32583,3901849,99.16493436829565,77.22154291465405,1386294,13174,23103,84,1.66652961060208,1386294
80,G8,TurboSSS_DS293-G8,CTTTCGTGAC,CD8_CTRL_D47_T13,240824,Tcell,SI-TT-D8,CGCTGAAA,CGCTGAAACTTTCGTGAC,2,Human,CD8,CTRL,Donor_47,Day_13,CAR,61521,210315,12103,3657,287596,98.72842459561329,73.12862487656295,112383,9309,2347,70,2.0883941521404483,112383
57,E9,TurboSSS_DS217-E9,GAAAGCAGTG,CD4_CTRL_D47_T13,240824,Tcell,SI-TT-D8,CGCTGAAA,CGCTGAAAGAAAGCAGTG,3,Human,CD4,CTRL,Donor_47,Day_13,CAR,76141,256520,14532,3564,350757,98.98391193903471,73.13325179540251,150312,10026,3108,72,2.067699185693757,150312
7,A7,TurboSSS_DS33-A7,GAACTACGAA,CD4_CTRL_D47_T6,240824,Tcell,SI-TT-D8,CGCTGAAA,CGCTGAAAGAACTACGAA,1,Human,CD4,CTRL,Donor_47,Day_6,CAR,74793,307185,18989,3526,404493,99.12829146610696,75.94321780599417,207066,9819,3757,69,1.8143973419103085,207066
33,C9,TurboSSS_DS107-C9,GAAGTTCCGT,CD8_CTRL_D47_T6,240824,Tcell,SI-TT-D8,CGCTGAAA,CGCTGAAAGAAGTTCCGT,3,Human,CD8,CTRL,Donor_47,Day_6,CAR,115182,514374,34215,6358,670129,99.05122745023719,76.75746013081064,297589,10641,5150,76,1.7305747188236125,297589
66,F6,TurboSSS_DS261-F6,GAATCCTACA,CD4_CTRL_D64_T1,240824,Tcell,SI-TT-D8,CGCTGAAA,CGCTGAAAGAATCCTACA,3,Human,CD4,CTRL,Donor_64,Day_1,CAR,80315,441439,31043,4211,557008,99.243996495562,79.2518240312527,258151,9707,2930,73,1.1349946349229714,258151
19,B7,TurboSSS_DS70-B7,GACCAGCTAT,CD4_CTRL_D64_T6,240824,Tcell,SI-TT-D8,CGCTGAAA,CGCTGAAAGACCAGCTAT,1,Human,CD4,CTRL,Donor_64,Day_6,CAR,64803,283102,16778,3670,368353,99.00367310704678,76.85616786072056,172326,9579,3011,70,1.7472697097361978,172326
13,B1,TurboSSS_DS51-B1,GACGATAGAG,CD4_CTRL_D64_T2,240824,Tcell,SI-TT-D8,CGCTGAAA,CGCTGAAAGACGATAGAG,1,Human,CD4,CTRL,Donor_64,Day_2,CAR,190399,780625,51862,9326,1032212,99.096503431465635,75.62642170406855,470544,11336,10100,81,2.146451766466048,470544
48,D12,TurboSSS_DS185-D12,GAGAAGAACC,CD8_CTRL_D64_T8,240824,Tcell,SI-TT-D8,CGCTGAAA,CGCTGAAAGAGAAGAACC,3,Human,CD8,CTRL,Donor_64,Day_8,CAR,65853,231512,13677,3236,314278,98.97033836285073,73.66471722487734,135040,9597,2869,65,2.1245556872037916,135040
17,B5,TurboSSS_DS65-B5,GAGCATATTC,CD4_CTRL_D64_T5,240824,Tcell,SI-TT-D8,CGCTGAAA,CGCTGAAAGAGCATATTC,2,Human,CD4,CTRL,Donor_64,Day_5,CAR,15516,59026,2956,1007,78505,98.717279154194,75.18756767084899,35594,5954,1109,47,3.1156936562341966,35594
84,G12,TurboSSS_DS313-G12,GAGCCTCCAT,CD8_CTRL_D47_T15,240824,Tcell,SI-TT-D8,CGCTGAAA,CGCTGAAAGAGCCTCCAT,3,Human,CD8,CTRL,Donor_47,Day_15,CAR,43193,131673,7158,2046,184070,98.88846634432552,71.53419894605312,88766,8729,1648,54,1.8565667034675437,88766
28,C4,TurboSSS_DS87-C4,GAGCCTTTGA,CD8_CTRL_D47_T5,240824,Tcell,SI-TT-D8,CGCTGAAA,CGCTGAAAGAGCCTTTGA,1,Human,CD8,CTRL,Donor_47,Day_5,CAR,30948,113735,6371,1660,152714,98.9130007726862,74.47581754128633,68448,7518,1943,59,2.8386512388966807,68448
30,C6,TurboSSS_DS94-C6,GATGACACGA,CD8_CTRL_D47_T5,240824,Tcell,SI-TT-D8,CGCTGAAA,CGCTGAAAGATGACACGA,3,Human,CD8,CTRL,Donor_47,Day_5,CAR,17275,57399,3272,918,78864,98.83597078514912,72.78225806451613,35510,6125,1222,47,3.4412841453111795,35510
72,F12,TurboSSS_DS273-F12,GATTGTAACC,CD4_CTRL_D64_T15,240824,Tcell,SI-TT-D8,CGCTGAAA,CGCTGAAAGATTGTAACC,3,Human,CD4,CTRL,Donor_64,Day_15,CAR,58442,215018,12176,2888,288524,98.99904340713424,74.52343652521107,128845,9634,2076,72,1.6112383095968024,128845
77,G5,TurboSSS_DS290-G5,GCCAACAGAA,CD8_CTRL_D47_T1,240824,Tcell,SI-TT-D8,CGCTGAAA,CGCTGAAAGCCAACAGAA,2,Human,CD8,CTRL,Donor_47,Day_1,CAR,119812,544759,34749,5703,705023,99.1910902197517,77.26825933338345,306242,10379,4557,71,1.4880388712194932,306242
71,F11,TurboSSS_DS272-F11,GCTTCGCTTT,CD4_CTRL_D64_T15,240824,Tcell,SI-TT-D8,CGCTGAAA,CGCTGAAAGCTTCGCTTT,2,Human,CD4,CTRL,Donor_64,Day_15,CAR,93680,330338,18664,4414,447096,99.01273999320057,73.88525059495052,183633,10335,3397,71,1.8498853691874553,183633
8,A8,TurboSSS_DS36-A8,GGAAACTCCA,CD4_CTRL_D47_T6,240824,Tcell,SI-TT-D8,CGCTGAAA,CGCTGAAAGGAAACTCCA,2,Human,CD4,CTRL,Donor_47,Day_6,CAR,109439,442138,26064,5597,583238,99.0403574527037,75.80747482159941,245036,10479,4425,73,1.8058570985487847,245036
6,A6,TurboSSS_DS28-A6,GGAAAGATAC,CD4_CTRL_D47_T5,240824,Tcell,SI-TT-D8,CGCTGAAA,CGCTGAAAGGAAAGATAC,3,Human,CD4,CTRL,Donor_47,Day_5,CAR,46568,152902,8404,2461,210335,98.82996172772006,72.69451113699574,82190,8297,2417,63,2.940747049519406,82190
58,E10,TurboSSS_DS224-E10,GGACCGTTAA,CD4_CTRL_D47_T15,240824,Tcell,SI-TT-D8,CGCTGAAA,CGCTGAAAGGACCGTTAA,1,Human,CD4,CTRL,Donor_47,Day_15,CAR,91575,337663,19798,4510,453546,99.00561354305847,74.44955969185044,191293,10338,3277,70,1.7130788894523061,191293
16,B4,TurboSSS_DS59-B4,GGACGAATTA,CD4_CTRL_D64_T5,240824,Tcell,SI-TT-D8,CGCTGAAA,CGCTGAAAGGACGAATTA,1,Human,CD4,CTRL,Donor_64,Day_5,CAR,20850,76100,4125,1532,102607,98.50692447883672,74.16647986979446,43625,6517,1482,46,3.3971346704871057,43625
18,B6,TurboSSS_DS69-B6,GGAGTGACTT,CD4_CTRL_D64_T5,240824,Tcell,SI-TT-D8,CGCTGAAA,CGCTGAAAGGAGTGACTT,3,Human,CD4,CTRL,Donor_64,Day_5,CAR,13919,48413,2419,1259,66010,98.0927132252689,73.3419178912286,28031,5706,1007,41,3.5924512147265526,28031
9,A9,TurboSSS_DS37-A9,GGATAGTGAG,CD4_CTRL_D47_T6,240824,Tcell,SI-TT-D8,CGCTGAAA,CGCTGAAAGGATAGTGAG,3,Human,CD4,CTRL,Donor_47,Day_6,CAR,118890,412801,25274,5916,562881,98.94897855852302,73.33717073413386,231100,10668,4745,73,2.053223712678494,231100
54,E6,TurboSSS_DS197-E6,GGCCAATCAA,CD4_CTRL_D47_T1,240824,Tcell,SI-TT-D8,CGCTGAAA,CGCTGAAAGGCCAATCAA,3,Human,CD4,CTRL,Donor_47,Day_1,CAR,77003,415743,28802,3846,525394,99.26797793655808,79.12975785791235,239119,9478,2646,66,1.1065620046922244,239119
24,B12,TurboSSS_DS82-B12,GGGATCATTG,CD4_CTRL_D64_T8,240824,Tcell,SI-TT-D8,CGCTGAAA,CGCTGAAAGGGATCATTG,3,Human,CD4,CTRL,Donor_64,Day_8,CAR,43269,152074,8409,2416,206168,98.82814015754143,73.76217453727058,87064,8698,1807,69,2.075484700909676,87064
70,F10,TurboSSS_DS271-F10,GTTAAACGTC,CD4_CTRL_D64_T15,240824,Tcell,SI-TT-D8,CGCTGAAA,CGCTGAAAGTTAAACGTC,1,Human,CD4,CTRL,Donor_64,Day_15,CAR,87071,303114,17283,4367,411835,98.93962387849503,73.60083528597619,169337,10176,3194,65,1.8861796299686424,169337
50,E2,TurboSSS_DS189-E2,GTTCGTACTC,CD4_CTRL_D47_T0,240824,Tcell,SI-TT-D8,CGCTGAAA,CGCTGAAAGTTCGTACTC,2,Human,CD4,CTRL,Donor_47,Day_0,CAR,35829,114715,6682,1631,158857,98.97329044360652,72.21274479563381,64403,7469,1027,51,1.5946462121329754,64403
3,A3,TurboSSS_DS24-A3,GTTCTGTCGT,CD4_CTRL_D47_T2,240824,Tcell,SI-TT-D8,CGCTGAAA,CGCTGAAAGTTCTGTCGT,3,Human,CD4,CTRL,Donor_47,Day_2,CAR,369587,1624271,104825,18300,2116983,99.13556226006538,76.72574602630252,880294,12469,15839,87,1.7992852387952205,880294
55,E7,TurboSSS_DS207-E7,GTTTGCGTTC,CD4_CTRL_D47_T13,240824,Tcell,SI-TT-D8,CGCTGAAA,CGCTGAAAGTTTGCGTTC,1,Human,CD4,CTRL,Donor_47,Day_13,CAR,51171,197796,12068,2635,263670,99.0006447453256,75.01649789509615,114607,9309,2103,66,1.8349664505658467,114607
44,D8,TurboSSS_DS152-D8,TAACCAGATC,CD8_CTRL_D64_T6,240824,Tcell,SI-TT-D8,CGCTGAAA,CGCTGAAATAACCAGATC,2,Human,CD8,CTRL,Donor_64,Day_6,CAR,135372,656666,41242,7570,840850,99.09972052090147,78.09549860260451,341903,10743,5541,73,1.6206350924092505,341903
47,D11,TurboSSS_DS163-D11,TACCCGAGCA,CD8_CTRL_D64_T8,240824,Tcell,SI-TT-D8,CGCTGAAA,CGCTGAAATACCCGAGCA,2,Human,CD8,CTRL,Donor_64,Day_8,CAR,120850,436566,26807,6897,591120,98.83323183110028,73.85403978887535,217734,10609,4528,68,2.079601715855126,217734
34,C10,TurboSSS_DS108-C10,TAGAGATCCG,CD8_CTRL_D47_T8,240824,Tcell,SI-TT-D8,CGCTGAAA,CGCTGAAATAGAGATCCG,1,Human,CD8,CTRL,Donor_47,Day_8,CAR,53271,201405,11753,3009,269438,98.88323102160794,74.75003525857525,106549,9099,2075,66,1.947460792686933,106549
37,D1,TurboSSS_DS137-D1,TAGCTCGTTG,CD8_CTRL_D64_T2,240824,Tcell,SI-TT-D8,CGCTGAAA,CGCTGAAATAGCTCGTTG,1,Human,CD8,CTRL,Donor_64,Day_2,CAR,507400,2534465,169984,24783,3236632,99.2342966392225,78.30562757829745,1179262,12880,22435,82,1.9024610307124286,1179262
78,G6,TurboSSS_DS291-G6,TGACCACAAG,CD8_CTRL_D47_T1,240824,Tcell,SI-TT-D8,CGCTGAAA,CGCTGAAATGACCACAAG,3,Human,CD8,CTRL,Donor_47,Day_1,CAR,129960,619336,44761,6473,800530,99.1914106904176,77.3657451938091,322150,10457,4851,75,1.5058202700605308,322150
26,C2,TurboSSS_DS84-C2,TGAGCTTAGT,CD8_CTRL_D47_T2,240824,Tcell,SI-TT-D8,CGCTGAAA,CGCTGAAATGAGCTTAGT,2,Human,CD8,CTRL,Donor_47,Day_2,CAR,881085,4106607,281485,44143,5313320,99.16920117741826,77.28890787680773,1920822,13754,33730,83,1.7560190376828253,1920822
11,A11,TurboSSS_DS41-A11,TGATTTCGTG,CD4_CTRL_D47_T8,240824,Tcell,SI-TT-D8,CGCTGAAA,CGCTGAAATGATTTCGTG,2,Human,CD4,CTRL,Donor_47,Day_8,CAR,116216,435234,27461,5921,584832,98.98757249945284,74.42034635587656,224454,10762,4526,74,2.016448804654851,224454
40,D4,TurboSSS_DS140-D4,TGCACAGAGA,CD8_CTRL_D64_T5,240824,Tcell,SI-TT-D8,CGCTGAAA,CGCTGAAATGCACAGAGA,1,Human,CD8,CTRL,Donor_64,Day_5,CAR,31248,120092,6552,1650,159542,98.96578957265172,75.2729688734001,64025,7442,1972,59,3.080046856696603,64025
51,E3,TurboSSS_DS192-E3,TGCTTTGCGA,CD4_CTRL_D47_T0,240824,Tcell,SI-TT-D8,CGCTGAAA,CGCTGAAATGCTTTGCGA,3,Human,CD4,CTRL,Donor_47,Day_0,CAR,36325,117357,6727,1511,161920,99.06682312252964,72.47838438735178,60741,7283,976,49,1.606822409904348,60741
65,F5,TurboSSS_DS250-F5,TGTAGTTGCG,CD4_CTRL_D64_T1,240824,Tcell,SI-TT-D8,CGCTGAAA,CGCTGAAATGTAGTTGCG,2,Human,CD4,CTRL,Donor_64,Day_1,CAR,80425,462818,32881,4213,580337,99.27404249599802,79.74986947239276,239823,9572,2945,66,1.2279889752025452,239823
23,B11,TurboSSS_DS81-B11,TGTGTGTGTC,CD4_CTRL_D64_T8,240824,Tcell,SI-TT-D8,CGCTGAAA,CGCTGAAATGTGTGTGTC,2,Human,CD4,CTRL,Donor_64,Day_8,CAR,43921,169016,9577,2738,225252,98.78447250190898,75.03418393621367,89909,8690,1934,65,2.1510638534518236,89909
12,A12,TurboSSS_DS44-A12,TTAAGTGACG,CD4_CTRL_D47_T8,240824,Tcell,SI-TT-D8,CGCTGAAA,CGCTGAAATTAAGTGACG,3,Human,CD4,CTRL,Donor_47,Day_8,CAR,128577,439922,26163,5946,600608,99.01000319676062,73.24611060791732,219759,10737,4624,74,2.1041231530904305,219759
20,B8,TurboSSS_DS74-B8,TTCATGCGAT,CD4_CTRL_D64_T6,240824,Tcell,SI-TT-D8,CGCTGAAA,CGCTGAAATTCATGCGAT,2,Human,CD4,CTRL,Donor_64,Day_6,CAR,126661,564420,34502,6744,732327,99.07909991028598,77.07212761512275,285785,10657,4963,74,1.7366201865038404,285785
82,G10,TurboSSS_DS304-G10,TTCCGAGCCT,CD8_CTRL_D47_T15,240824,Tcell,SI-TT-D8,CGCTGAAA,CGCTGAAATTCCGAGCCT,1,Human,CD8,CTRL,Donor_47,Day_15,CAR,99833,312890,18241,4646,435610,98.93344964532494,71.82801129450655,162753,10213,3133,68,1.9250029185329915,162753
53,E5,TurboSSS_DS196-E5,TTCTAGCAAG,CD4_CTRL_D47_T1,240824,Tcell,SI-TT-D8,CGCTGAAA,CGCTGAAATTCTAGCAAG,2,Human,CD4,CTRL,Donor_47,Day_1,CAR,140405,768117,55498,7263,971283,99.25222617918773,79.08271842501105,381140,10508,4296,73,1.1271448811460356,381140
69,F9,TurboSSS_DS270-F9,TTGTCAGTGT,CD4_CTRL_D64_T13,240824,Tcell,SI-TT-D8,CGCTGAAA,CGCTGAAATTGTCAGTGT,3,Human,CD4,CTRL,Donor_64,Day_13,CAR,56857,218969,12481,3164,291471,98.9144717656302,75.12548418195978,121297,9419,2144,67,1.767562264524267,121297
39,D3,TurboSSS_DS139-D3,TTTCGACGTA,CD8_CTRL_D64_T2,240824,Tcell,SI-TT-D8,CGCTGAAA,CGCTGAAATTTCGACGTA,3,Human,CD8,CTRL,Donor_64,Day_2,CAR,388849,1936620,128773,20455,2474697,99.1734341618388,78.25685326324799,969555,12529,18075,84,1.8642573139223664,969555
14,B2,TurboSSS_DS54-B2,TTTGTTGTGA,CD4_CTRL_D64_T2,240824,Tcell,SI-TT-D8,CGCTGAAA,CGCTGAAATTTGTTGTGA,2,Human,CD4,CTRL,Donor_64,Day_2,CAR,357767,1614802,108011,20611,2101191,99.01908013122082,76.85174741372869,831331,12462,15997,82,1.924263620627644,831331
